AREA,PERIMETER,MAJOR_AXIS,MINOR_AXIS,ECCENTRICITY,EQDIASQ,SOLIDITY,CONVEX_AREA,Class
422163,2378.908,837.8484,645.6693,0.6373,733.1539,0.9947,424428,0
338136,2085.144,723.8198,595.2073,0.569,656.1464,0.9974,339014,0
526843,2647.394,940.7379,715.3638,0.6494,819.0222,0.9962,528876,0
416063,2351.21,827.9804,645.2988,0.6266,727.8378,0.9948,418255,0
347562,2160.354,763.9877,582.8359,0.6465,665.2291,0.9908,350797,0
408953,2326.6931,840.1821,622.0076,0.6722,721.5921,0.9974,410036,0
451414,2457.208,889.3253,652.4316,0.6796,758.1281,0.997,452755,0
382636,2275.7791,808.0833,609.2819,0.6569,697.988,0.9931,385277,0
546063,2714.948,916.3737,766.4536,0.5481,833.8279,0.9882,552598,0
420044,2391.123,836.928,645.1822,0.637,731.3116,0.9918,423531,0
364495,2216.49,790.9014,590.7698,0.6649,681.2411,0.9949,366374,0
404243,2345.5349,823.7634,628.8527,0.6459,717.4247,0.9921,407460,0
407789,2308.4099,788.727,664.5451,0.5386,720.5644,0.9958,409514,0
340451,2098.1631,724.4111,600.3284,0.5597,658.3887,0.9971,341437,0
467092,2514.2429,895.3616,669.6182,0.6638,771.1809,0.9946,469638,0
386374,2265.666,826.3535,597.2911,0.6911,701.3891,0.9968,387604,0
413069,2350.4109,821.2114,645.8047,0.6177,725.2143,0.9917,416536,0
396792,2291.0701,790.0845,644.6891,0.5781,710.7822,0.9967,398109,0
358545,2199.5081,775.7432,593.731,0.6436,675.658,0.9911,361776,0
397744,2337.2251,869.5142,583.949,0.7409,711.6343,0.9947,399862,0
398901,2299.335,812.7031,628.3113,0.6343,712.6686,0.9965,400295,0
342155,2151.896,760.6585,575.3604,0.6541,660.0343,0.9904,345474,0
408220,2317.6689,769.1027,681.1285,0.4644,720.9451,0.9927,411229,0
306560,2015.198,715.4261,547.121,0.6443,624.7594,0.9952,308043,0
354590,2181.739,772.2312,587.454,0.6491,671.9211,0.9954,356244,0
381508,2239.7891,734.2203,666.2502,0.4202,696.9584,0.9919,384642,0
356022,2170.3101,756.3358,603.8934,0.6021,673.2766,0.9942,358086,0
394859,2315.978,863.4825,583.743,0.7369,709.0487,0.9969,396085,0
389859,2265.5581,804.163,619.6666,0.6374,704.5452,0.9967,391136,0
342514,2154.021,764.3176,573.2928,0.6614,660.3805,0.9912,345541,0
414954,2325.3181,774.8641,684.9321,0.4676,726.8671,0.9941,417404,0
314313,2040.285,728.9534,550.9473,0.6548,632.6102,0.9943,316111,0
347694,2187.4561,791.2161,563.1738,0.7024,665.3553,0.9898,351288,0
423905,2363.958,836.8923,646.8287,0.6345,734.665,0.9969,425214,0
445381,2407.5071,807.8385,705.3541,0.4875,753.045,0.9964,446993,0
409607,2351.354,835.5469,627.9048,0.6597,722.1688,0.9912,413253,0
419554,2354.084,832.2401,643.96,0.6335,730.8849,0.996,421223,0
426810,2389.9141,836.486,655.8799,0.6206,737.178,0.9939,429451,0
443805,2390.481,797.2593,710.5616,0.4535,751.7114,0.9973,445009,0
402279,2295.863,798.9365,643.2753,0.5931,715.6797,0.9936,404887,0
426661,2412.625,845.353,645.3922,0.6459,737.0493,0.9891,431346,0
439197,2437.428,829.2604,677.1343,0.5773,747.7988,0.9893,443940,0
442845,2422.366,836.9063,677.0573,0.5878,750.8979,0.9941,445459,0
424225,2391.501,838.0681,650.075,0.6311,734.9422,0.9946,426523,0
416064,2359.616,818.8146,650.6287,0.6071,727.8387,0.9924,419269,0
453074,2464.8979,855.7032,681.0208,0.6055,759.5208,0.9948,455449,0
409032,2313.9509,804.1159,650.1132,0.5885,721.6618,0.9947,411212,0
429203,2362.936,831.4949,658.4715,0.6106,739.2416,0.9971,430464,0
453763,2476.709,851.0314,684.578,0.5941,760.098,0.9909,457931,0
353766,2150.718,720.5316,629.297,0.487,671.14,0.9936,356027,0
288730,1997.627,740.3677,497.8095,0.7402,606.3188,0.9891,291913,0
411542,2339.4231,814.2525,646.2658,0.6083,723.8726,0.9925,414646,0
383504,2288.917,784.1191,626.8956,0.6007,698.7792,0.9907,387106,0
430176,2396.55,865.903,637.2376,0.6771,740.0791,0.9974,431277,0
438436,2417.197,860.3224,652.1378,0.6522,747.1506,0.997,439735,0
497802,2561.291,907.5524,701.4491,0.6345,796.1289,0.9957,499948,0
454917,2485.562,869.7584,672.0792,0.6347,761.064,0.9927,458273,0
392588,2274.2759,803.3082,625.8399,0.6269,707.0068,0.9973,393637,0
384232,2263.4819,787.2324,624.8104,0.6083,699.4422,0.9914,387562,0
294273,2004.96,735.2715,510.9962,0.719,612.1111,0.9922,296579,0
445290,2435.3889,857.8929,663.8074,0.6335,752.968,0.994,448000,0
375936,2255.8411,817.8654,589.0416,0.6937,691.8501,0.9945,378008,0
439650,2447.7371,890.0155,635.1306,0.7005,748.1843,0.9926,442920,0
433338,2423.301,836.3414,664.9469,0.6065,742.7941,0.9932,436301,0
500669,2580.3069,913.3773,702.0745,0.6397,798.4182,0.9948,503290,0
230122,1804.354,649.0608,454.532,0.7139,541.2952,0.9883,232846,1
231946,1800.8101,678.9835,436.4881,0.766,543.4361,0.9922,233763,1
218006,1754.282,671.6726,414.585,0.7868,526.8528,0.993,219532,1
272074,2031.781,778.5798,446.9384,0.8188,588.5706,0.9823,276985,1
222790,1766.324,651.6551,436.6493,0.7423,532.6021,0.9932,224312,1
332286,2287.0071,875.3194,485.2886,0.8322,650.4457,0.9807,338814,1
265701,1968.802,746.8929,454.7724,0.7933,581.6365,0.992,267851,1
213610,1742.515,644.6515,422.7329,0.755,521.5139,0.9896,215860,1
267823,1988.671,781.2097,441.0466,0.8254,583.9545,0.9915,270119,1
235942,1893.777,744.0038,404.7032,0.8391,548.0974,0.9831,239996,1
261890,2027.2321,697.621,482.5237,0.7222,577.4502,0.9751,268565,1
285100,2053.1699,791.5107,463.6347,0.8105,602.4953,0.9897,288053,1
326556,2313.791,856.9423,487.3175,0.8226,644.8132,0.9792,333503,1
225074,1813.77,695.2525,413.8533,0.8035,535.3253,0.9921,226857,1
217486,1759.136,628.9557,442.0542,0.7113,526.2241,0.9899,219701,1
277321,2136.825,687.59,517.3867,0.6586,594.2189,0.976,284128,1
270195,2019.839,773.6254,446.5426,0.8166,586.5347,0.9838,274651,1
218442,1739.191,643.4506,434.7849,0.7372,527.3793,0.9927,220046,1
271398,1965.458,750.8526,461.674,0.7886,587.839,0.9942,272988,1
253276,1961.04,740.2677,437.3487,0.8068,567.8741,0.9822,257864,1
215340,1741.5811,656.6985,418.8187,0.7702,523.6215,0.9936,216718,1
248661,1888.577,679.4809,468.2696,0.7246,562.6766,0.9825,253084,1
161461,1519.229,583.6688,352.6311,0.7969,453.4077,0.994,162441,1
270495,1909.204,680.4979,506.7375,0.6674,586.8602,0.993,272412,1
192966,1718.127,656.2819,433.3523,0.751,495.6732,0.909,212294,1
254070,1919.738,730.9252,445.2328,0.7931,568.7635,0.9926,255975,1
206921,1741.754,675.7445,392.1072,0.8144,513.2836,0.9924,208515,1
180508,1600.713,607.4841,379.2685,0.7812,479.4058,0.9938,181643,1
296944,2109.8491,796.0836,475.9379,0.8016,614.8828,0.9871,300810,1
163130,1535.853,603.0044,345.0351,0.8201,455.7451,0.9946,164013,1
232841,1773.947,622.0897,477.5462,0.6409,544.4836,0.9935,234357,1
247112,1885.546,694.2448,455.8577,0.7542,560.9214,0.9899,249644,1
246014,1883.0909,703.1213,448.6442,0.77,559.6738,0.9893,248668,1
245029,1868.936,686.7975,455.5268,0.7484,558.5522,0.9857,248578,1
210311,1798.92,671.3657,443.1094,0.7513,517.4711,0.919,228850,1
154570,1469.786,535.559,368.1646,0.7262,443.6267,0.9913,155926,1
260999,1924.509,670.0057,499.8724,0.6659,576.467,0.9813,265960,1
212744,1720.303,628.2148,432.3847,0.7254,520.4556,0.9918,214501,1
261085,1933.101,729.5468,458.4311,0.7779,576.562,0.9909,263485,1
219065,1769.278,677.1313,414.3256,0.7909,528.1309,0.9937,220445,1
179780,1605.504,588.5084,390.5041,0.7481,478.4381,0.989,181785,1
169573,1548.983,594.8965,364.4516,0.7904,464.658,0.9932,170738,1
236515,1795.649,604.2608,502.4642,0.5555,548.7625,0.9923,238359,1
248928,1888.111,719.0459,443.0684,0.7876,562.9786,0.9906,251287,1
233279,1812.4,649.0758,459.3955,0.7064,544.9955,0.9865,236470,1
226401,1787.076,679.6693,425.3827,0.7799,536.901,0.9934,227903,1
246558,1865.2419,664.2224,475.3474,0.6985,560.2922,0.9865,249939,1
318444,2127.3269,805.9418,504.5724,0.7798,636.7538,0.9938,320434,1
248660,1877.7,696.1558,456.765,0.7547,562.6755,0.9922,250624,1
300532,2084.9929,782.9263,492.0452,0.7778,618.5865,0.9832,305681,1
239253,1839.9301,670.9352,455.55,0.7342,551.9297,0.9887,241982,1
190722,1769.671,664.2511,418.4305,0.7767,492.7827,0.8928,213622,1
197484,1709.35,648.6502,391.0428,0.7978,501.4424,0.989,199672,1
242874,1843.916,647.9982,479.8817,0.672,556.0906,0.9906,245181,1
338670,2195.106,792.2873,546.0946,0.7245,656.6643,0.9893,342339,1
205893,1693.483,615.3438,428.3036,0.718,512.007,0.9902,207928,1
246430,1910.897,732.1472,431.656,0.8077,560.1468,0.9843,250368,1
189127,1660.097,621.9744,389.451,0.7797,490.7178,0.9843,192139,1
254321,1869.425,665.5273,489.1867,0.678,569.0444,0.9899,256906,1
320905,2131.252,787.4969,520.4378,0.7505,639.2096,0.9918,323570,1
237021,1826.079,661.274,457.4288,0.7221,549.3492,0.9936,238547,1
320180,2153.5339,781.1882,525.6301,0.7398,638.4871,0.9852,324998,1
237074,1827.438,676.1337,447.9627,0.749,549.4106,0.9919,239003,1
212851,1826.406,675.8557,453.7003,0.7412,520.5865,0.8987,236831,1
253677,1859.243,666.5269,486.7168,0.6832,568.3235,0.9924,255626,1
211558,1743.938,657.1328,413.1603,0.7776,519.0029,0.992,213269,1
351733,2261.1001,840.3734,544.2642,0.7619,669.2087,0.9787,359388,1
226442,1776.88,624.4857,463.8141,0.6696,536.9496,0.9875,229315,1
274959,1959.943,718.3584,489.0562,0.7325,591.6829,0.9897,277815,1
198410,1695.782,636.7207,398.5815,0.7798,502.6166,0.9875,200919,1
215507,1800.814,707.0419,389.2315,0.8348,523.8244,0.9928,217059,1
209998,1728.412,619.6617,433.4965,0.7146,517.0858,0.9851,213177,1
267943,1993.986,760.1838,451.6438,0.8044,584.0853,0.9863,271677,1
252950,1909.678,738.9279,438.0078,0.8054,567.5085,0.9929,254759,1
220042,1758.4399,653.5543,430.2653,0.7527,529.3073,0.9922,221766,1
202546,1698.973,605.3612,428.199,0.7069,507.8283,0.988,205007,1
189983,1672.8831,641.0609,378.4418,0.8072,491.8271,0.9919,191529,1
187606,1630.703,599.4528,399.2988,0.7459,488.7406,0.9913,189262,1
214952,1758.241,655.6318,419.8517,0.7681,523.1495,0.9903,217060,1
203607,1703.28,614.098,423.8694,0.7236,509.1566,0.992,205240,1
220056,1726.933,618.8439,455.1255,0.6776,529.3241,0.9936,221476,1
243520,1906.798,719.8704,431.61,0.8003,556.8297,0.9871,246708,1
176050,1573.8521,590.4749,380.9525,0.764,473.4489,0.9916,177533,1
161602,1700.896,671.8093,404.6781,0.7982,453.6056,0.8374,192973,1
196414,1653.057,605.6224,414.072,0.7298,500.0821,0.9885,198709,1
222950,1752.439,602.6717,474.1278,0.6173,532.7933,0.9903,225128,1
250947,1905.2841,732.446,439.0812,0.8004,565.2571,0.9908,253287,1
239427,1875.272,708.0372,431.308,0.793,552.1304,0.9881,242306,1
190954,1628.9189,610.1746,399.0778,0.7565,493.0823,0.9937,192158,1
216487,1746.856,659.9696,420.1559,0.7712,525.0141,0.9923,218176,1
280320,2029.684,751.5424,476.7822,0.773,597.4232,0.9836,285002,1
191163,1695.764,641.0919,380.346,0.805,493.3521,0.9865,193780,1
197424,1691.033,623.2335,405.1581,0.7599,501.3662,0.9896,199490,1
192454,1657.265,622.9678,394.7744,0.7736,495.0152,0.9902,194360,1
212900,1740.348,651.9711,417.6589,0.7679,520.6464,0.9901,215025,1
177803,1573.6281,605.3248,375.6269,0.7842,475.8002,0.9948,178732,1
226586,1773.175,662.9202,436.9543,0.752,537.1204,0.9919,228431,1
209100,1708.429,642.4437,416.5172,0.7614,515.9791,0.9918,210832,1
138167,1370.208,498.7525,353.9258,0.7046,419.4278,0.9925,139208,2
138362,1411.187,525.3536,336.471,0.768,419.7237,0.9836,140663,2
160562,1514.448,570.1646,359.911,0.7756,452.1436,0.9913,161971,2
208042,1725.811,649.4158,411.8994,0.7731,514.6721,0.9918,209753,2
143391,1416.606,544.4253,335.9414,0.7869,427.2834,0.9943,144211,2
209723,1749.959,686.3148,390.2822,0.8226,516.7471,0.9928,211245,2
156476,1502.326,565.1384,353.8776,0.7797,446.3535,0.9882,158340,2
126137,1356.411,507.2314,318.8602,0.7777,400.7526,0.9857,127966,2
143297,1440.493,559.0104,328.0878,0.8097,427.1433,0.9927,144347,2
147389,1481.552,570.8041,332.1487,0.8133,433.1992,0.986,149481,2
134784,1396.613,512.9982,337.8875,0.7524,414.2612,0.9814,137337,2
145210,1424.349,535.0179,346.342,0.7622,429.985,0.992,146385,2
146059,1428.892,518.9333,359.8793,0.7205,431.2402,0.9903,147483,2
166950,1568.7729,578.2525,372.5923,0.7647,461.0503,0.9879,168988,2
150891,1453.5959,532.0154,363.603,0.73,438.3154,0.9888,152606,2
106793,1217.454,434.7454,313.3625,0.6931,368.7453,0.9883,108062,2
190634,1662.217,625.8346,390.4694,0.7815,492.669,0.9884,192862,2
144637,1422.494,523.191,352.5846,0.7388,429.1358,0.9905,146022,2
129886,1365.856,519.2155,318.9104,0.7891,406.6645,0.9908,131098,2
126292,1319.9,488.1225,330.096,0.7367,400.9987,0.9929,127190,2
136138,1404.201,530.9112,329.2051,0.7845,416.3367,0.988,137796,2
151713,1481.229,582.5072,331.9456,0.8217,439.5077,0.9931,152772,2
99342,1151.923,404.4212,313.0898,0.633,355.6489,0.9921,100135,2
73663,999.363,362.0138,259.5558,0.6971,306.2526,0.994,74107,2
143668,1446.12,553.8131,332.1207,0.8002,427.6959,0.9889,145285,2
63328,933.937,342.7969,235.6772,0.7262,283.9572,0.989,64034,2
113667,1251.496,462.6203,313.1204,0.7361,380.4278,0.9936,114397,2
148679,1477.3669,565.0262,337.5208,0.802,435.0908,0.9868,150670,2
153353,1501.488,585.9454,335.2349,0.8202,441.8768,0.9885,155138,2
123912,1294.531,470.6189,335.611,0.701,397.2023,0.9946,124580,2
149845,1467.722,573.7374,333.2054,0.8141,436.7935,0.9918,151080,2
144975,1426.858,535.9053,345.1051,0.7651,429.6369,0.9922,146121,2
136538,1383.509,503.1316,347.8224,0.7226,416.9479,0.9861,138461,2
162525,1520.96,569.8452,363.798,0.7697,454.8992,0.9908,164034,2
129998,1385.066,511.4419,324.9084,0.7723,406.8398,0.9839,132123,2
151554,1454.797,541.0281,357.0083,0.7514,439.2773,0.9941,152457,2
168314,1634.188,611.652,396.3839,0.7616,462.9298,0.8996,187089,2
168126,1581.353,611.1715,369.9803,0.7959,462.6712,0.9631,174568,2
169280,1586.569,589.5577,367.1072,0.7825,464.2564,0.984,172030,2
145165,1466.083,557.8549,332.8617,0.8025,429.9184,0.9873,147033,2
148181,1486.942,548.4078,345.0912,0.7772,434.3615,0.9836,150658,2
178137,1613.375,611.778,371.4034,0.7946,476.2469,0.9873,180422,2
65590,1039.924,372.3486,279.8673,0.6596,288.984,0.8366,78398,2
136159,1393.309,518.6189,335.3107,0.7629,416.3689,0.9861,138084,2
207698,1792.785,677.1498,416.9406,0.788,514.2463,0.9484,219006,2
138061,1397.4399,533.3875,330.7272,0.7846,419.2669,0.9927,139081,2
172108,1570.163,586.244,376.8531,0.766,468.1183,0.9895,173926,2
137932,1404.546,524.6572,335.7947,0.7684,419.071,0.987,139753,2
207029,1765.353,704.8253,375.3293,0.8464,513.4175,0.9929,208510,2
151596,1499.804,576.5701,335.9818,0.8127,439.3382,0.989,153288,2
127056,1364.663,500.5718,325.939,0.759,402.2098,0.9852,128962,2
138262,1403.356,542.065,326.1642,0.7987,419.572,0.9935,139162,2
138766,1392.42,520.9381,340.4706,0.7569,420.336,0.9918,139911,2
153752,1497.799,560.4558,353.3676,0.7762,442.4513,0.9892,155433,2
158096,1524.178,572.8527,353.2698,0.7872,448.6581,0.9898,159732,2
143261,1423.744,529.3361,348.0392,0.7535,427.0897,0.9917,144456,2
146827,1447.351,558.1056,335.986,0.7985,432.3725,0.9919,148026,2
158924,1497.396,549.2912,370.9325,0.7375,449.8315,0.9886,160755,2
102215,1196.941,428.5742,304.2583,0.7043,360.755,0.9858,103689,2
187667,1650.6479,612.0896,393.5074,0.766,488.8201,0.9859,190342,2
143352,1427.5811,515.6693,354.6234,0.726,427.2253,0.9865,145320,2
242106,1897.218,733.3027,424.0022,0.8159,555.2107,0.9891,244779,2
138769,1404.488,516.3408,344.0673,0.7456,420.3405,0.9906,140090,2
140276,1396.4659,515.7888,346.9041,0.74,422.6168,0.9889,141850,2
84406,1084.765,394.5068,273.1771,0.7215,327.8247,0.9899,85271,2
123321,1332.6071,506.1284,311.3531,0.7884,396.2539,0.9925,124256,2
158028,1524.984,583.8958,345.9882,0.8055,448.5616,0.9873,160056,2
152858,1488.0179,568.9197,342.9484,0.7979,441.1631,0.9905,154319,2
80044,1059.046,378.1419,270.6614,0.6983,319.2416,0.9883,80990,2
143446,1435.196,546.4086,335.3802,0.7895,427.3653,0.9896,144948,2
143356,1426.459,550.8297,331.6248,0.7985,427.2312,0.9938,144249,2
134664,1385.511,514.5657,334.5349,0.7598,414.0767,0.9883,136252,2
153700,1453.689,524.5832,373.9211,0.7014,442.3764,0.991,155102,2
165987,1559.245,596.3097,355.5895,0.8027,459.7186,0.9904,167596,2
142413,1438.217,527.6629,346.8893,0.7535,425.8238,0.9794,145415,2
105070,1210.703,458.1432,293.0307,0.7687,365.7585,0.9931,105801,2
149806,1435.4399,526.9439,362.1404,0.7264,436.7367,0.994,150711,2
116078,1265.715,452.304,327.0038,0.6909,384.4413,0.9907,117168,2
131409,1370.5649,500.5441,334.8896,0.7432,409.0417,0.9845,133481,2
136187,1410.527,536.2725,323.7206,0.7972,416.4117,0.9909,137436,2
163097,1527.1021,569.0895,366.1877,0.7655,455.699,0.9885,164998,2
219822,1819.8311,719.0757,392.0395,0.8383,529.0426,0.9887,222332,2
164567,1487.1,534.5702,393.8198,0.6762,457.748,0.9923,165851,2
137347,1413.416,538.478,328.7764,0.792,418.1813,0.9912,138563,2
86213,1096.823,384.0147,286.8239,0.6649,331.3152,0.9863,87412,2
131633,1361.001,523.6849,320.7245,0.7905,409.3902,0.9946,132350,2
162413,1540.894,588.4892,352.1533,0.8012,454.7424,0.9883,164338,2
152861,1474.135,548.472,356.6191,0.7598,441.1674,0.9832,155467,2
79063,1031.912,368.2993,273.6987,0.6691,317.2793,0.9911,79772,2
156886,1507.4919,592.6061,338.0879,0.8213,446.9379,0.993,157985,2
142575,1429.6121,551.2555,331.1201,0.7995,426.0659,0.9896,144067,2
142214,1424.568,526.2787,345.5464,0.7543,425.5261,0.9906,143567,2
155568,1460.313,532.6481,372.7497,0.7143,445.0565,0.993,156657,2
163093,1531.929,581.2218,358.1298,0.7876,455.6934,0.9904,164682,2
146923,1447.576,534.4625,351.8184,0.7528,432.5138,0.9827,149508,2
103302,1190.031,440.8981,299.0482,0.7348,362.6682,0.9917,104165,2
146017,1420.212,530.3442,350.9143,0.7498,431.1782,0.9947,146796,2
137515,1405.913,499.2482,351.661,0.7098,418.437,0.9814,140115,2
114987,1249.179,455.7418,321.8139,0.7081,382.6304,0.9915,115968,2
134094,1444.811,541.8755,358.6036,0.7497,413.1994,0.9223,145397,2
166665,1540.965,583.5817,364.5487,0.7809,460.6566,0.9902,168309,2
112034,1249.8781,460.5971,310.5606,0.7385,377.6852,0.9903,113126,2
156087,1497.073,560.2502,356.9697,0.7707,445.7983,0.9894,157758,2
102162,1191.2061,429.3986,303.5874,0.7072,360.6615,0.9877,103431,2
151963,1477.179,551.4623,352.008,0.7698,439.8696,0.9918,153220,2
148267,1455.217,564.1047,334.9029,0.8047,434.4875,0.9936,149229,2
169030,1550.98,570.1261,377.9843,0.7486,463.9135,0.9896,170811,2
102142,1223.502,441.7251,296.504,0.7412,360.6262,0.9863,103559,2
167497,1580.825,606.2756,353.0795,0.8129,461.8049,0.9827,170443,2
182795,1646.9449,629.4767,374.9311,0.8033,482.4332,0.9895,184729,2
165248,1592.061,612.0599,344.4518,0.8266,458.6941,0.9874,167352,2
131994,1386.02,525.6892,320.6077,0.7925,409.9512,0.9887,133507,2
145774,1451.353,550.7023,337.9216,0.7896,430.8192,0.9918,146972,2
142744,1442.903,557.3111,326.9862,0.8098,426.3183,0.9893,144288,2
125081,1317.364,484.117,329.4612,0.7327,399.0715,0.9909,126226,2
194301,1671.417,615.8516,403.3667,0.7557,497.3849,0.987,196863,2
155595,1507.019,567.617,349.976,0.7873,445.0952,0.9909,157030,2
162925,1511.9821,564.2595,368.63,0.7571,455.4586,0.9937,163952,2
100471,1186.373,437.8452,292.6243,0.7439,357.6642,0.9891,101577,2
112914,1257.132,471.8904,305.1801,0.7627,379.1656,0.9897,114094,2
98903,1172.512,430.8867,292.512,0.7343,354.8622,0.9893,99970,2
167858,1528.949,581.9219,368.1325,0.7745,462.3023,0.9924,169138,2
147204,1447.647,546.0123,343.9355,0.7767,432.9272,0.993,148249,2
110930,1244.495,440.5929,321.4334,0.6839,375.8197,0.9881,112271,2
155520,1496.624,567.7551,349.5084,0.7881,444.9879,0.987,157562,2
149646,1468.194,570.3056,335.8156,0.8083,436.5034,0.9912,150969,2
154497,1491.624,579.3937,340.1177,0.8096,443.5219,0.9934,155530,2
162849,1592.699,624.2347,333.1545,0.8457,455.3524,0.9847,165383,2
192953,1681.762,665.5488,372.4787,0.8287,495.6565,0.9926,194383,2
132721,1397.782,522.2059,324.7898,0.7831,411.0786,0.9877,134379,2
144815,1432.645,530.4765,348.3135,0.7542,429.3998,0.9923,145945,2
142955,1454.557,558.9067,326.4683,0.8117,426.6333,0.9876,144755,2
125374,1320.2679,492.9375,324.2897,0.7531,399.5387,0.9935,126194,2
160709,1508.494,561.2164,366.1832,0.7578,452.3506,0.9892,162470,2
204508,1704.656,612.2499,429.9135,0.712,510.282,0.9841,207810,2
162728,1511.626,568.4935,365.8966,0.7653,455.1832,0.9932,163847,2
102533,1198.348,427.9125,306.0871,0.6988,361.3157,0.9871,103878,2
135777,1436.8719,554.0663,317.0632,0.8201,415.7844,0.9818,138291,2
152960,1476.855,548.2127,358.0435,0.7573,441.3102,0.9893,154608,2
159858,1503.392,560.9233,364.1994,0.7605,451.1513,0.9875,161889,2
186236,1628.151,615.6091,385.9771,0.779,486.9528,0.9896,188192,2
158157,1510.033,591.0096,340.9958,0.8168,448.7446,0.9947,158995,2
145733,1461.642,570.0002,326.5131,0.8197,430.7587,0.9898,147231,2
151209,1482.381,544.0471,356.7963,0.7549,438.777,0.9842,153636,2
95906,1125.9041,400.1798,305.4454,0.6461,349.4443,0.994,96484,2
170267,1617.582,614.0543,354.0693,0.817,465.6078,0.983,173207,2
166212,1553.136,571.5416,373.4686,0.757,460.0301,0.9845,168829,2
143168,1438.64,522.2192,350.9828,0.7405,426.951,0.9856,145262,2
199707,1711.678,663.8049,384.2429,0.8154,504.2567,0.9924,201232,2
162404,1544.915,608.9265,340.2279,0.8293,454.7298,0.9935,163459,2
174168,1574.934,587.6588,378.6228,0.7648,470.9114,0.991,175750,2
143409,1442.124,532.1603,345.7256,0.7602,427.3102,0.9857,145496,2
96664,1145.434,419.3492,293.6552,0.7139,350.8225,0.9938,97268,2
151173,1433.1801,493.1908,390.8281,0.6099,438.7248,0.9886,152921,2
150399,1482.847,570.9537,336.8778,0.8074,437.6002,0.9878,152253,2
163973,1515.802,542.8138,386.6868,0.7018,456.9211,0.9848,166510,2
107981,1239.067,447.3554,308.2379,0.7247,370.7906,0.9899,109086,2
180788,1605.7841,604.344,381.6076,0.7754,479.7775,0.9922,182203,2
137914,1475.6281,570.014,311.584,0.8374,419.0436,0.9835,140228,2
148517,1463.246,549.3091,346.6294,0.7758,434.8537,0.9918,149749,2
179732,1645.203,647.8385,354.4339,0.8371,478.3742,0.9898,181575,2
169147,1569.068,587.965,367.5672,0.7805,464.074,0.9923,170461,2
153048,1523.577,607.1192,321.9273,0.8478,441.4372,0.9922,154253,2
154245,1503.598,546.4366,361.8018,0.7494,443.1601,0.9883,156070,2
144207,1455.647,561.3004,328.1891,0.8113,428.4974,0.9906,145573,2
172379,1647.4351,621.3907,354.2521,0.8216,468.4867,0.9804,175830,2
112819,1255.413,476.7512,301.7341,0.7742,379.0061,0.9933,113578,2
201551,1724.1591,673.0964,382.4955,0.8228,506.5794,0.9917,203247,2
143957,1452.262,523.1368,352.3305,0.7392,428.1259,0.9844,146236,2
156030,1566.979,595.6793,384.2388,0.7641,445.7169,0.9118,171132,2
175894,1587.17,591.8867,379.7294,0.7671,473.239,0.9932,177106,2
167208,1579.176,604.1566,353.461,0.811,461.4064,0.9907,168773,2
101772,1190.234,437.8928,296.5733,0.7357,359.9724,0.9921,102580,2
145435,1468.962,529.6494,351.6841,0.7477,430.318,0.9834,147893,2
146017,1440.998,536.7607,346.9765,0.763,431.1782,0.9883,147745,2
163469,1513.738,536.2514,391.1683,0.684,456.2184,0.9853,165909,2
159802,1530.787,564.7152,362.0923,0.7674,451.0723,0.992,161095,2
109175,1236.871,438.3364,317.6122,0.6892,372.835,0.991,110166,2
175680,1575.722,595.6695,376.3405,0.7751,472.9511,0.9924,177017,2
132384,1351.8929,480.408,352.3761,0.6797,410.5564,0.991,133593,2
132872,1375.502,525.5175,322.7784,0.7891,411.3124,0.9906,134127,2
100547,1172.319,418.8293,306.666,0.6811,357.7994,0.9895,101619,2
121786,1302.6949,484.1827,321.4019,0.7479,393.7801,0.9919,122784,2
155766,1501.9449,568.3051,351.1553,0.7863,445.3397,0.9876,157724,2
77054,1010.373,358.0397,274.449,0.6422,313.2223,0.993,77599,2
139996,1425.17,537.9441,333.2377,0.785,422.1948,0.9928,141018,2
156391,1521.604,569.9616,352.0856,0.7864,446.2322,0.9887,158181,2
146521,1461.604,551.5557,340.1752,0.7872,431.9217,0.986,148604,2
117648,1276.293,471.5745,318.4257,0.7376,387.0324,0.9931,118469,2
60039,911.828,336.7227,228.1414,0.7355,276.4851,0.989,60705,2
129066,1361.24,477.3502,345.5285,0.69,405.3788,0.9846,131091,2
154464,1463.5551,544.9724,361.5594,0.7482,443.4745,0.9944,155339,2
137472,1386.525,511.1523,343.4671,0.7406,418.3716,0.9922,138558,2
142394,1410.396,510.8343,357.1331,0.715,425.7953,0.9844,144650,2
129848,1379.568,509.356,325.7892,0.7687,406.605,0.9846,131885,2
154111,1503.441,574.9857,341.8783,0.804,442.9675,0.9861,156286,2
150802,1466.821,553.0468,347.8298,0.7775,438.1861,0.9924,151958,2
174388,1591.974,603.1065,370.933,0.7885,471.2088,0.9887,176384,2
169788,1561.29,587.5886,369.6528,0.7773,464.9525,0.9877,171905,2
150870,1445.879,537.6102,358.1697,0.7458,438.2849,0.9904,152327,2
191640,1645.98,612.0375,401.4839,0.7548,493.9672,0.991,193385,2
146398,1445.1949,542.8766,344.2591,0.7732,431.7404,0.989,148022,2
79187,1047.858,375.3784,269.2061,0.6969,317.528,0.9885,80108,2
161855,1551.741,606.4048,341.1171,0.8268,453.9606,0.992,163156,2
491606,2525.6931,836.6254,750.6882,0.4415,791.1588,0.9952,493956,3
399815,2296.231,776.2232,658.5235,0.5294,713.4846,0.9924,402885,3
440427,2391.845,843.0915,665.4988,0.6139,748.8452,0.9967,441904,3
429538,2421.332,871.1118,631.9023,0.6883,739.5301,0.9934,432406,3
346264,2140.3511,744.2978,594.7831,0.6012,663.9857,0.9927,348820,3
493734,2577.707,919.6757,685.0148,0.6672,792.8693,0.9937,496873,3
375285,2207.188,713.9926,670.2208,0.3448,691.2509,0.9939,377576,3
419416,2340.7871,788.3764,678.8032,0.5086,730.7647,0.996,421118,3
414712,2341.458,808.0315,654.973,0.5856,726.6552,0.9955,416592,3
411273,2358.1951,816.6152,645.5682,0.6124,723.636,0.9889,415907,3
406496,2334.2209,789.4069,657.9015,0.5527,719.4211,0.991,410199,3
349532,2150.8059,713.5856,628.6521,0.4732,667.1116,0.99,353065,3
478829,2532.502,908.7795,672.8215,0.6722,780.8099,0.9943,481557,3
430333,2436.938,857.5512,644.8464,0.6592,740.2142,0.9943,432806,3
348500,2259.1169,759.3678,587.2372,0.634,666.1261,0.9801,355592,3
423897,2372.627,821.549,658.8868,0.5973,734.658,0.9936,426631,3
457240,2482.696,829.8366,706.9037,0.5238,763.0046,0.9905,461605,3
391921,2245.811,734.2869,680.3229,0.3763,706.4059,0.9947,393993,3
451338,2437.7871,805.1387,718.372,0.4516,758.0642,0.994,454056,3
412275,2337.198,804.4697,654.7202,0.5811,724.517,0.994,414771,3
422143,2350.7781,838.3208,641.9384,0.6431,733.1365,0.9964,423650,3
394009,2279.7581,770.8477,654.0494,0.5292,708.2852,0.9945,396190,3
438787,2463.532,844.3537,663.4427,0.6186,747.4496,0.9891,443644,3
448744,2443.4241,870.9563,658.7799,0.6541,755.8827,0.995,451013,3
447450,2453.7939,846.2984,678.1676,0.5982,754.7921,0.995,449709,3
411322,2337.2439,813.8591,643.9749,0.6115,723.6791,0.9954,413219,3
436325,2413.9519,818.495,683.0888,0.5509,745.3497,0.9923,439695,3
411293,2337.731,826.503,635.2358,0.6398,723.6536,0.994,413795,3
445077,2421.2759,806.3325,708.2914,0.4779,752.7879,0.9927,448336,3
411708,2318.344,805.4811,652.9468,0.5856,724.0186,0.9965,413165,3
384507,2233.978,755.8359,649.9842,0.5104,699.6924,0.9964,385881,3
446609,2496.418,851.7825,671.7365,0.6149,754.0824,0.99,451141,3
469185,2486.4851,888.2744,674.7036,0.6504,772.9068,0.9962,470970,3
447729,2454.4851,825.5548,695.3279,0.5391,755.0273,0.991,451808,3
408254,2345.2939,803.289,647.9013,0.5912,720.9752,0.994,410709,3
439268,2470.478,824.1238,683.5867,0.5586,747.8592,0.9888,444245,3
472349,2494.425,865.7357,696.8496,0.5934,775.5085,0.9942,475092,3
446318,2426.532,849.0756,672.7661,0.6101,753.8367,0.9944,448852,3
454346,2487.5029,908.6619,639.1868,0.7108,760.5862,0.9929,457601,3
449166,2454.5291,901.2678,637.0666,0.7074,756.238,0.9942,451774,3
449218,2453.3081,846.1549,680.5297,0.5943,756.2818,0.9953,451354,3
478413,2551.095,953.5176,640.8135,0.7405,780.4706,0.9951,480750,3
420085,2375.873,830.7269,646.0511,0.6286,731.3473,0.9952,422115,3
443501,2441.2361,882.5625,641.8201,0.6864,751.4539,0.9949,445766,3
484869,2541.9839,872.7412,714.8731,0.5736,785.719,0.9956,487031,3
457583,2452.2009,840.6153,695.8944,0.561,763.2908,0.9951,459847,3
443176,2396.9109,812.2444,696.6966,0.5141,751.1785,0.9955,445166,3
481197,2549.073,878.5006,699.7644,0.6046,782.7382,0.9961,483057,3
442441,2480.033,872.0508,653.3934,0.6623,750.5554,0.9869,448328,3
454113,2503.1279,858.8807,680.7171,0.6098,760.3911,0.9868,460170,3
503974,2596.7581,932.0193,690.7506,0.6714,801.0491,0.9954,506325,3
425053,2407.5581,845.6929,644.9402,0.6468,735.6591,0.9951,427146,3
447583,2447.01,866.6195,658.6447,0.6499,754.9042,0.9963,449241,3
514745,2630.8369,899.1757,735.891,0.5746,809.5639,0.9928,518474,3
430605,2414.2571,820.7172,676.4396,0.5663,740.4481,0.99,434954,3
385329,2262.3159,782.571,632.79,0.5884,700.4399,0.9934,387872,3
398543,2366.3721,873.9631,592.5698,0.735,712.3488,0.9799,406734,3
464259,2486.0669,873.2936,680.3309,0.627,768.8387,0.9944,466869,3
365520,2265.8479,829.2069,567.5129,0.7291,682.1983,0.9919,368512,3
481062,2549.1389,847.0374,724.6221,0.5178,782.6284,0.9911,485375,3
412498,2397.5879,903.157,587.2843,0.7597,724.7129,0.994,415007,3
421470,2374.4221,824.2023,652.1113,0.6116,732.5519,0.9944,423855,3
404150,2332.8379,832.4753,623.8899,0.6621,717.3422,0.9956,405941,3
476205,2534.3921,879.4092,695.4839,0.612,778.6675,0.9933,479413,3
407629,2301.946,776.3053,672.4045,0.4998,720.423,0.9962,409191,3
451992,2445.5029,844.5334,687.8657,0.5802,758.6133,0.9959,453835,3
386536,2280.7981,768.471,644.8983,0.5438,701.5361,0.9941,388827,3
435528,2430.1211,789.1514,707.8071,0.4422,744.6687,0.9874,441070,3
441826,2486.4771,942.0581,603.129,0.7682,750.0336,0.9948,444138,3
441779,2426.1641,831.9905,678.0819,0.5794,749.9937,0.9937,444560,3
462347,2516.8679,845.5637,697.9985,0.5644,767.2538,0.9819,470882,3
476569,2536.7649,886.8546,689.8232,0.6285,778.965,0.9955,478711,3
368069,2297.5349,836.8202,572.043,0.7299,684.5729,0.9825,374626,4
349184,2214.7261,792.7963,600.6845,0.6526,666.7795,0.9538,366102,4
368900,2398.188,855.3609,560.061,0.7558,685.3452,0.981,376032,4
355024,2242.1531,795.743,573.1878,0.6936,672.3322,0.9842,360723,4
350266,2210.168,751.1333,602.6666,0.5969,667.8118,0.9844,355819,4
398202,2425.731,872.2453,597.3273,0.7287,712.0439,0.9734,409088,4
418931,2416.0901,881.6053,607.8824,0.7243,730.342,0.9932,421799,4
443133,2517.0769,874.5991,653.3885,0.6647,751.1421,0.9801,452139,4
423624,2498.9399,876.5175,627.7153,0.6979,734.4214,0.9791,432655,4
458286,2531.311,883.0855,664.6406,0.6584,763.8768,0.9839,465786,4
370044,2360.1101,782.888,614.0868,0.6203,686.407,0.9689,381910,4
434469,2485.9231,889.1929,623.58,0.7129,743.7628,0.9897,438991,4
371120,2364.0029,796.3392,601.9151,0.6547,687.4043,0.9839,377202,4
348865,2253.7971,790.249,567.2316,0.6963,666.4749,0.9845,354356,4
428711,2570.7129,815.3513,679.2316,0.5532,738.8178,0.9745,439942,4
426871,2497.0759,886.3205,618.4668,0.7163,737.2307,0.987,432478,4
379870,2419.293,828.3665,595.388,0.6953,695.4606,0.975,389600,4
424512,2477.283,853.4615,642.9758,0.6576,735.1908,0.9893,429090,4
386254,2373.4509,810.4177,614.5104,0.6519,701.2802,0.9792,394443,4
380218,2409.468,819.8986,607.0649,0.6722,695.7791,0.9795,388174,4
318076,2122.4241,744.774,547.181,0.6784,636.3859,0.9859,322611,4
376202,2367.498,825.6102,585.3541,0.7052,692.0948,0.9804,383706,4
384740,2328.2771,761.6957,647.8665,0.5259,699.9044,0.9845,390794,4
439841,2570.469,943.8856,599.791,0.7721,748.3468,0.9888,444845,4
360009,2364.8181,837.6556,555.9177,0.748,677.0359,0.9734,369844,4
294328,2113.1379,707.908,578.8624,0.5756,612.1683,0.9402,313038,4
282314,2022.266,717.5192,504.457,0.7111,599.5443,0.9861,286307,4
355208,2384.4971,797.2854,578.7468,0.6878,672.5064,0.961,369625,4
402655,2460.917,893.8253,578.3685,0.7624,716.0142,0.9863,408238,4
380874,2389.124,854.1578,570.7399,0.744,696.3791,0.9867,385995,4
280204,2147.4031,782.5893,461.9426,0.8072,597.2996,0.9705,288731,4
442937,2627.9509,862.5596,659.603,0.6444,750.976,0.9824,450876,4
415763,2426.729,843.814,633.7881,0.6602,727.5754,0.9838,422611,4
420744,2434.3379,865.7617,620.3712,0.6975,731.9207,0.9886,425584,4
321282,2090.699,681.3436,604.7192,0.4607,639.585,0.9914,324055,4
453626,2537.668,937.6924,622.2681,0.7481,759.9833,0.9933,456701,4
365294,2242.248,755.7875,618.311,0.5751,681.9874,0.9868,370199,4
419063,2463.595,857.5016,628.4494,0.6804,730.4571,0.9867,424695,4
293332,2079.7439,706.2109,545.302,0.6354,611.1317,0.9547,307255,4
379699,2315.4099,826.4971,588.5672,0.7021,695.3041,0.9879,384352,4
404623,2452.6919,830.7855,626.1453,0.6572,717.7618,0.9849,410818,4
310342,2140.4629,713.5881,578.9772,0.5845,628.6014,0.9514,326194,4
403834,2447.0029,893.8555,585.3982,0.7557,717.0616,0.9868,409217,4
401353,2489.5581,884.2215,593.9569,0.7408,714.8556,0.9381,427855,4
360876,2298.8279,808.2624,573.2375,0.705,677.8507,0.9836,366875,4
394103,2499.8979,820.2778,617.9729,0.6576,708.3696,0.9759,403856,4
379405,2400.584,823.7263,595.5487,0.6909,695.0349,0.9739,389590,4
375310,2402.406,802.1452,604.5172,0.6573,691.2739,0.9686,387472,4
339989,2231.875,785.7068,559.6172,0.7019,657.9418,0.9813,346471,4
385428,2473.9919,859.162,580.8442,0.7368,700.5299,0.9712,396843,4
354782,2409.512,795.9382,578.1101,0.6874,672.103,0.966,367255,4
394814,2429.5791,867.8884,588.9705,0.7345,709.0083,0.9729,405825,4
414065,2406.9331,802.006,662.986,0.5627,726.0881,0.9866,419708,4
373187,2441.991,852.2258,570.3242,0.7431,689.3159,0.9681,385468,4
423852,2424.627,826.4653,654.4321,0.6107,734.619,0.9919,427310,4
419805,2507.5659,862.3845,623.2335,0.6912,731.1035,0.9769,429713,4
378359,2342.5061,849.3478,569.2149,0.7422,694.0761,0.9896,382342,4
346463,2190.554,786.7602,561.9791,0.6998,664.1765,0.9917,349372,4
382056,2398.884,836.171,590.8513,0.7076,697.4588,0.9677,394812,4
360205,2229.2061,774.3602,594.9182,0.6401,677.2202,0.9871,364920,4
360221,2301.4319,799.5422,581.7543,0.686,677.2353,0.9738,369917,4
392670,2426.929,839.151,608.4485,0.6887,707.0806,0.9609,408646,4
315427,2116.438,756.3036,543.8585,0.6949,633.7303,0.9873,319495,4
334154,2186.3491,785.2363,545.4142,0.7194,652.2715,0.985,339252,4
388051,2365.0149,849.6564,591.2424,0.7182,702.9096,0.9818,395251,4
368211,2236.3711,767.4142,615.9827,0.5964,684.7049,0.9878,372771,4
352881,2314.887,873.1453,520.1225,0.8032,670.3,0.9741,362278,4
351971,2196.5869,783.0325,579.0363,0.6732,669.4351,0.9885,356058,4
412916,2413.863,833.7471,640.3206,0.6404,725.08,0.978,422199,4
402258,2529.0601,879.1948,598.7283,0.7323,715.6611,0.976,412136,4
346126,2236.075,796.4923,555.0388,0.7172,663.8534,0.9866,350827,4
380495,2354.437,805.2894,606.553,0.6578,696.0325,0.9805,388052,4
405536,2434.855,883.4255,593.9301,0.7403,718.5711,0.9785,414464,4
374069,2316.5759,843.6231,568.7056,0.7386,690.13,0.9816,381065,4
409026,2374.2561,841.9844,627.4827,0.6668,721.6565,0.9882,413914,4
359018,2276.5271,819.6603,571.9311,0.7163,676.1035,0.9819,365618,4
395127,2354.0039,829.4393,613.8098,0.6726,709.2893,0.9819,402402,4
368512,2294.5259,786.4102,602.9735,0.642,684.9847,0.9862,373660,4
410233,2402.864,834.9078,633.4919,0.6514,722.7205,0.9866,415823,4
385907,2330.0549,824.371,600.6796,0.6849,700.9651,0.9881,390557,4
417314,2439.98,834.7051,644.6805,0.6352,728.9312,0.9891,421904,4
379703,2327.3159,808.626,603.513,0.6656,695.3077,0.9815,386849,4
377612,2362.448,829.2473,589.1064,0.7038,693.3906,0.9792,385637,4
316184,2170.9709,770.8669,546.0904,0.7058,634.4903,0.9617,328792,4
398448,2435.2981,873.0358,590.1165,0.737,712.2638,0.9832,405275,4
365350,2262.248,826.7336,569.2995,0.7251,682.0396,0.9837,371396,4
353219,2326.47,821.9995,558.0138,0.7343,670.6209,0.9693,364420,4
379002,2529.803,860.1957,573.9624,0.7448,694.6656,0.9661,392289,4
350929,2255.021,783.9074,580.9299,0.6714,668.4435,0.9662,363224,4
349240,2243.5029,775.2019,584.65,0.6567,666.8329,0.9857,354324,4
389395,2408.4829,892.5831,560.5852,0.7782,704.1258,0.9766,398722,4
442588,2718.394,849.6819,672.2542,0.6116,750.6801,0.9619,460137,4
417895,2456.103,855.4005,632.3137,0.6735,729.4384,0.9839,424753,4
419639,2478.1851,915.9321,587.1704,0.7675,730.9589,0.9822,427225,4
382799,2370.5449,868.9788,572.6002,0.7522,698.1367,0.9871,387811,4
343845,2197.675,774.8041,569.8189,0.6776,661.6624,0.9863,348613,4
387499,2453.094,849.3842,590.2296,0.7191,702.4095,0.9719,398684,4
419881,2440.189,843.5652,645.4122,0.6439,731.1697,0.9893,424423,4
376183,2327.835,823.8969,589.002,0.6992,692.0773,0.9747,385937,4
436352,2633.251,863.0063,650.1967,0.6576,745.3728,0.9783,446045,4
343814,2231.1201,786.3395,563.5261,0.6974,661.6325,0.9808,350554,4
435003,2521.8469,870.0806,647.3481,0.6682,744.2197,0.9744,446419,4
345078,2204.9231,787.3609,566.3853,0.6947,662.8476,0.989,348921,4
362850,2295.7791,802.9214,584.5999,0.6855,679.7021,0.9774,371256,4
412688,2640.7351,924.9248,576.3412,0.7821,724.8798,0.9723,424464,4
399876,2377.1899,821.8986,628.6398,0.6442,713.539,0.9912,403438,4
402063,2547.897,884.2006,606.6811,0.7275,715.4876,0.9373,428938,4
389064,2342.3311,826.6586,603.5352,0.6834,703.8265,0.9913,392486,4
420809,2512.29,828.7861,656.6302,0.6102,731.9772,0.9794,429643,4
335782,2171.8191,784.9254,548.2628,0.7156,653.8585,0.9916,338621,4
425374,2466.8701,847.059,647.6719,0.6445,735.9368,0.9838,432357,4
391106,2369.116,856.8085,587.2197,0.7282,705.671,0.9842,397388,4
344013,2195.156,823.1342,534.9045,0.7601,661.824,0.9897,347582,4
426615,2450.561,799.2291,691.8159,0.5007,737.0096,0.987,432255,4
345938,2256.375,828.0157,536.2778,0.7619,663.6731,0.9843,351450,4
403486,2348.0891,834.4036,620.4424,0.6687,716.7526,0.9901,407532,4
445394,2482.9741,880.809,647.2557,0.6782,753.056,0.9897,450019,4
410745,2438.5959,904.5048,583.305,0.7643,723.1713,0.9883,415594,4
473650,2597.4441,891.0983,685.71,0.6386,776.5757,0.9874,479704,4
294001,2074.262,732.5558,526.1931,0.6957,611.8282,0.9767,301007,4
420057,2443.8411,836.4046,648.322,0.6318,731.3229,0.9789,429125,4
397581,2408.3799,833.4241,612.3292,0.6784,711.4885,0.983,404461,4
359037,2249.9441,783.8896,614.4819,0.6209,676.1214,0.9604,373845,4
337806,2227.0901,814.9735,542.2561,0.7465,655.8262,0.9682,348887,4
413120,2426.52,824.3616,645.8687,0.6214,725.2591,0.9823,420557,4
418304,2393.2261,819.7679,666.4039,0.5824,729.7953,0.9788,427359,4
443091,2540.2661,900.9417,635.8699,0.7084,751.1065,0.9861,449339,4
474303,2567.4089,904.8582,670.7078,0.6713,777.1109,0.9922,478022,4
438566,2547.54,911.9298,620.2306,0.7331,747.2614,0.978,448437,4
306838,2083.2939,735.817,538.9604,0.6808,625.0426,0.9843,311721,4
443310,2505.5481,847.0129,674.6112,0.6047,751.2921,0.9814,451720,4
404061,2413.9541,881.0171,591.0157,0.7416,717.2632,0.9876,409147,4
363000,2213.5681,758.2262,614.7969,0.5853,679.8426,0.9899,366699,4
338672,2246.271,810.6025,546.3474,0.7387,656.6663,0.9685,349688,4
409795,2455.8789,846.9769,626.7124,0.6727,722.3345,0.9774,419259,4
415137,2366.7019,817.0651,652.5554,0.6018,727.0274,0.992,418470,4
412809,2519.761,907.7038,591.211,0.7588,724.986,0.982,420356,4
476879,2615.5859,920.805,661.1169,0.6961,779.2183,0.9872,483065,4
421712,2499.386,881.3112,620.4713,0.7102,732.7621,0.9828,429082,4
306429,2104.136,748.6997,527.6392,0.7095,624.6259,0.9861,310757,4
485302,2644.2271,935.4223,666.793,0.7013,786.0698,0.9841,493152,4
407286,2448.384,870.6734,604.8426,0.7193,720.1199,0.9837,414030,4
365333,2322.74,856.04,548.2668,0.768,682.0237,0.984,371273,4
322070,2190.1379,794.1199,526.4727,0.7487,640.3688,0.9845,327134,4
391145,2403.439,886.7218,564.2692,0.7714,705.7062,0.9809,398756,4
393597,2314.4861,786.859,640.9199,0.5801,707.9147,0.9898,397668,4
410245,2504.6201,894.1769,596.6318,0.7448,722.731,0.9824,417577,4
471281,2625.2109,904.7755,672.9673,0.6684,774.6313,0.9795,481134,4
401863,2463.082,852.3126,617.6403,0.6891,715.3096,0.9818,409326,4
466516,2517.989,859.3656,695.9106,0.5867,770.7053,0.9917,470414,4
313775,2112.8359,761.2759,531.9149,0.7154,632.0686,0.9873,317818,4
375249,2361.915,845.2822,571.5057,0.7368,691.2177,0.9784,383519,4
410371,2472.636,905.2772,583.0439,0.765,722.842,0.9844,416888,4
334390,2217.8301,802.2562,542.3231,0.7369,652.5018,0.9861,339100,4
421946,2481.4951,897.4323,606.2374,0.7373,732.9655,0.9809,430148,4
378125,2338.3799,826.2022,592.3029,0.6972,693.8615,0.9764,387284,4
452293,2540.5979,918.8098,628.7631,0.7292,758.8658,0.9902,456763,4
339538,2261.261,727.2855,607.8656,0.549,657.5053,0.9815,345936,4
448634,2522.3091,906.9396,631.2845,0.718,755.79,0.9904,453005,4
369382,2397.4419,819.9177,583.7723,0.7022,685.7928,0.9777,377795,4
430797,2525.6411,933.526,595.9404,0.7697,740.6131,0.9752,441741,4
403926,2464.7891,843.9724,625.0685,0.6719,717.1433,0.9678,417345,4
350033,2232.9929,801.6467,558.6144,0.7172,667.5896,0.9872,354582,4
362994,2338.2161,834.395,563.8201,0.7372,679.837,0.9701,374179,4
468855,2620.2681,918.2051,662.6828,0.6922,772.6349,0.9832,476855,4
388951,2422.0439,781.0228,640.3862,0.5725,703.7242,0.9782,397626,4
329691,2811.9971,899.2563,475.1783,0.849,647.9009,0.9651,341597,5
334283,2307.666,868.3939,492.134,0.8239,652.3974,0.9803,340999,5
346537,2315.5601,910.2367,486.0287,0.8455,664.2474,0.9851,351786,5
345062,2668.8879,944.9453,468.3525,0.8685,662.8322,0.9694,355967,5
332213,2502.166,887.0002,480.4225,0.8406,650.3743,0.9675,343374,5
360895,2317.3181,879.8793,523.5499,0.8037,677.8685,0.986,366019,5
261748,2147.834,843.7059,399.5622,0.8808,577.2936,0.9724,269176,5
272004,2183.8789,899.807,391.8441,0.9002,588.4949,0.9647,281945,5
310636,2172.677,799.2029,499.2812,0.7808,628.899,0.9778,317703,5
390161,2501.55,961.1851,518.9106,0.8418,704.818,0.9819,397351,5
1987,2289.3059,1222.723,2.2832,1,50.2984,0.8804,2257,5
324871,2196.303,817.7822,518.3866,0.7734,643.1474,0.9747,333319,5
296641,2042.588,760.566,498.9828,0.7547,614.569,0.9866,300676,5
315981,2314.436,923.5089,441.0663,0.8786,634.2866,0.9608,328868,5
316348,2251.885,888.2238,461.0983,0.8547,634.6548,0.9827,321905,5
307075,2120.0061,757.7748,517.7811,0.7301,625.2839,0.9861,311412,5
342249,2263.8721,861.6223,507.2628,0.8083,660.1249,0.9805,349053,5
319486,2155.209,811.8257,503.8588,0.7841,637.7948,0.9873,323609,5
338159,2412.6431,885.6038,489.3434,0.8335,656.1688,0.966,350043,5
336865,2580.1411,882.9647,488.4337,0.8331,654.9121,0.9601,350873,5
343471,2252.614,836.8517,533.9788,0.77,661.3024,0.9752,352200,5
305281,2094.0471,784.4472,497.3204,0.7734,623.4548,0.9875,309133,5
343837,2401.0491,932.5298,474.1729,0.8611,661.6547,0.9685,355036,5
368888,2340.272,900.6602,522.6354,0.8144,685.334,0.99,372629,5
304269,2135.521,799.3446,485.4948,0.7944,622.4205,0.9914,306911,5
344693,2275.437,859.6257,513.2087,0.8022,662.4777,0.9834,350497,5
329844,2263.136,830.3763,511.5652,0.7877,648.0513,0.9747,338410,5
379392,2423.8159,923.5928,526.172,0.8219,695.0229,0.98,387151,5
369552,2425.3091,907.0522,520.784,0.8188,685.9506,0.9777,377965,5
348682,2230.7729,868.1721,514.5999,0.8054,666.3,0.9939,350832,5
333946,2397.759,899.7597,479.4367,0.8462,652.0684,0.9794,340983,5
390524,2520.322,880.0991,570.349,0.7616,705.1458,0.9661,404228,5
314958,2248.6421,868.9798,464.3831,0.8452,633.259,0.9764,322579,5
260563,1975.374,762.5055,437.851,0.8187,575.9854,0.9871,263977,5
305013,2128.178,791.0696,492.8919,0.7822,623.181,0.9855,309501,5
309308,2247.3501,849.9919,470.8614,0.8325,627.5533,0.9662,320141,5
292394,2104.054,786.5365,476.3308,0.7958,610.1537,0.979,298663,5
299508,2159.3999,831.4197,466.0862,0.8281,617.5317,0.9714,308330,5
438181,2603.1021,946.6895,593.0048,0.7795,746.9333,0.9774,448303,5
306542,2415.4199,885.6404,446.5649,0.8636,624.7411,0.9659,317373,5
298963,2119.7129,722.8275,544.2319,0.6581,616.9696,0.9424,317248,5
341948,2344.6541,915.7393,480.3995,0.8513,659.8346,0.9747,350834,5
266271,1979.91,765.7112,444.7476,0.814,582.2601,0.9917,268512,5
324322,2206.6931,836.2029,495.7765,0.8053,642.6038,0.986,328911,5
358061,2341.7161,898.2679,510.7881,0.8226,675.2018,0.9781,366070,5
305436,2113.0339,785.2101,497.2452,0.7739,623.613,0.9848,310166,5
324333,2251.9519,872.6161,480.502,0.8347,642.6147,0.9786,331440,5
363949,2395.4839,910.101,514.1874,0.8251,680.7307,0.9783,372012,5
359736,2309.425,885.5075,519.3417,0.81,676.7792,0.9869,364513,5
346812,2241.5271,822.7707,541.0915,0.7533,664.5109,0.9836,352609,5
291741,2173.8501,825.0677,453.8622,0.8351,609.472,0.9622,303203,5
285591,2033.105,769.5074,475.9642,0.7858,603.0139,0.9893,288679,5
405080,2529.947,908.9462,572.9896,0.7763,718.1671,0.9643,420062,5
324072,2286.123,910.458,458.4029,0.864,642.356,0.9674,334988,5
417042,2416.6079,900.7124,591.0679,0.7546,728.6936,0.9916,420594,5
353934,2500.2959,1036.5886,444.3591,0.9035,671.2993,0.9426,375480,5
396005,2696.511,1070.647,481.6583,0.8931,710.0769,0.9431,419899,5
429984,2502.5491,919.503,597.7715,0.7598,739.9139,0.9896,434508,5
314398,2301.7771,901.9976,449.2205,0.8672,632.6958,0.9603,327390,5
406895,2607.74,942.4899,555.5389,0.8078,719.7741,0.972,418597,5
301865,2105.5049,781.5297,494.9785,0.7739,619.9568,0.9891,305204,5
287242,2113.79,813.7664,452.3801,0.8312,604.7544,0.9777,293808,5
325494,2306.311,852.4514,502.0418,0.8082,643.7638,0.9389,346689,5
356651,2280.439,835.3093,546.3404,0.7564,673.871,0.9889,360665,5
348293,2552.9199,855.3557,526.3486,0.7882,665.9282,0.9701,359035,5
390961,2480.5339,991.6502,505.0957,0.8606,705.5402,0.9847,397037,5
265688,2372.804,888.2209,387.3163,0.8999,581.6223,0.9603,276661,5
371994,2623.8569,951.4442,502.8416,0.8489,688.2133,0.9679,384342,5
340970,2301.739,902.88,483.9293,0.8442,658.8903,0.9895,344574,5
330662,2226.217,852.117,495.9751,0.8132,648.8543,0.9801,337365,5
379834,2640.3721,937.067,524.6108,0.8286,695.4277,0.9692,391899,5
354939,2431.9409,902.0753,504.1099,0.8293,672.2517,0.9701,365893,5
376345,2531.1399,876.8118,553.4316,0.7756,692.2264,0.9688,388480,5
348611,2413.0229,902.8517,498.4926,0.8338,666.2322,0.9357,372583,5
318189,2250.4331,848.323,483.1063,0.822,636.4989,0.9784,325221,5
342189,2271.408,864.2709,505.7227,0.8109,660.0671,0.9828,348180,5
350325,2386.7781,963.5161,465.2725,0.8757,667.868,0.9867,355063,5
346091,2297.6211,897.7186,496.3939,0.8332,663.8198,0.9896,349712,5
275863,2157.9819,886.1564,400.3563,0.8921,592.6548,0.9792,281736,5
376776,2534.9299,964.1249,506.2896,0.851,692.6226,0.9753,386301,5
357359,2419.9121,913.3724,501.1158,0.8361,674.5396,0.9761,366103,5
363778,2324.1609,857.509,541.6883,0.7752,680.5707,0.9859,368999,5
352817,2468.679,898.7985,505.8577,0.8266,670.2392,0.9407,375050,5
350607,2425.6589,916.2908,494.7873,0.8417,668.1367,0.9612,364764,5
333356,2242.688,880.4042,483.8072,0.8355,651.4922,0.9834,338967,5
359297,2564.9961,931.986,495.4669,0.847,676.3661,0.9623,373376,5
315682,2219.7009,832.1495,487.2321,0.8107,633.9865,0.9789,322493,5
353128,2372.927,936.3535,482.3184,0.8571,670.5345,0.9823,359483,5
316583,2338.8291,837.3405,488.8563,0.8119,634.8906,0.9648,328126,5
338426,2288.4929,898.1483,484.7289,0.8419,656.4277,0.983,344272,5
349290,2386.824,930.0695,482.6588,0.8548,666.8807,0.9736,358761,5
389431,2594.9729,936.1578,538.0767,0.8183,704.1583,0.9586,406235,5
306975,2306.0681,903.5196,446.9451,0.8691,625.1821,0.9443,325082,5
400224,2554.7119,915.1979,563.0368,0.7884,713.8494,0.9585,417546,5
322879,2275.9231,876.8048,473.0537,0.842,641.1726,0.9737,331585,5
320184,2268.2141,854.9136,488.2705,0.8209,638.4911,0.9747,328507,5
308867,2263.426,922.5724,431.2169,0.884,627.1058,0.9867,313031,5
379575,2457.2781,911.2972,536.4752,0.8084,695.1906,0.9704,391167,5
357334,2371.709,915.1829,499.5417,0.8379,674.5159,0.972,367635,5
295382,2141.585,836.4148,452.4544,0.8411,613.2634,0.9736,303392,5
337999,2342.979,946.6573,459.5275,0.8743,656.0135,0.9799,344921,5
382630,2509.5149,999.2378,491.9224,0.8704,697.9825,0.9644,396751,5
378755,2462.074,936.0067,520.477,0.8311,694.4392,0.9813,385968,5
335932,2267.6841,881.6727,489.0849,0.832,654.0045,0.9777,343609,5
300103,2210.627,881.5925,438.5843,0.8675,618.1448,0.9662,310612,5
336558,2423.491,850.3224,507.3458,0.8025,654.6136,0.9651,348725,5
310788,2274.5811,860.0978,463.9492,0.842,629.0529,0.9557,325186,5
424101,2611.3301,1009.0076,539.5266,0.845,734.8348,0.9756,434696,5
326996,2447.4109,852.5339,494.461,0.8146,645.2474,0.9681,337775,5
384998,2386.5979,942.1682,521.4256,0.8329,700.139,0.9904,388735,5
376389,2409.259,941.2642,509.9813,0.8405,692.2668,0.9852,382055,5
369053,2355.499,924.204,510.8777,0.8333,685.4873,0.9882,373474,5
342828,2287.8721,844.0139,520.2556,0.7874,660.6831,0.9639,355683,5
367743,2319.2041,909.394,517.7361,0.8221,684.2697,0.9925,370521,5
396837,2555.075,982.9867,518.2283,0.8497,710.8224,0.9768,406243,5
276472,2094.603,769.9008,462.089,0.7999,593.3086,0.9778,282744,5
321037,2208.8621,886.9792,463.216,0.8528,639.3411,0.9898,324348,5
329750,2236.6001,887.1417,474.9108,0.8446,647.9589,0.9913,332633,5
359590,2390.23,962.7033,478.9148,0.8675,676.6418,0.984,365421,5
367307,2557.634,930.2054,506.424,0.8388,683.8639,0.9774,375786,5
331115,2316.8181,844.9014,503.534,0.803,649.2986,0.9495,348728,5
348793,2331.863,908.0755,499.5217,0.8351,666.4061,0.9678,360411,5
367332,2357.595,904.4373,520.1105,0.8181,683.8871,0.9868,372244,5
424394,2710.5901,1040.5283,524.012,0.8639,735.0886,0.9763,434694,5
291190,2207.376,786.9467,477.844,0.7945,608.8962,0.9722,299524,5
298760,2184.9109,842.4735,453.8198,0.8425,616.7601,0.9871,302671,5
382402,2575.439,914.6583,536.5853,0.8098,697.7746,0.9525,401472,5
317955,2282.6021,857.2585,477.4725,0.8305,636.2648,0.9737,326544,5
401589,2412.8311,841.7765,609.9025,0.6892,715.0657,0.9775,410843,5
338610,2722.6831,893.1884,491.8964,0.8347,656.6061,0.9451,358287,5
373834,2328.502,857.2696,556.9949,0.7602,689.9132,0.9851,379487,5
391376,2544.783,897.7682,557.4372,0.7839,705.9146,0.965,405582,5
310795,2429.0669,878.1395,455.6671,0.8548,629.06,0.966,321718,5
364607,2297.5901,813.4385,573.2492,0.7095,681.3458,0.9806,371829,5
325380,2254.8821,863.1747,483.1501,0.8287,643.6511,0.9708,335152,5
343379,2360.467,919.113,479.2314,0.8533,661.2138,0.9657,355591,5
298236,2200.0559,868.1497,444.6231,0.8589,616.219,0.9761,305552,5
307420,2221.959,867.9562,457.0818,0.8501,625.6351,0.9758,315050,5
364261,2588.145,987.3378,478.3656,0.8748,681.0224,0.9535,382038,5
387240,2410.8999,920.8607,539.2838,0.8106,702.1747,0.9793,395412,5
351580,2424.6331,914.5834,494.2882,0.8414,669.0632,0.9741,360946,5
318125,2211.4131,838.0247,496.6458,0.8055,636.4349,0.9509,334564,5
325847,2354.845,853.3223,491.4482,0.8175,644.1128,0.962,338714,5
417499,2586.47,1001.9357,534.8173,0.8456,729.0928,0.9761,427713,5
299458,2141.3279,841.7073,456.2444,0.8403,617.4802,0.9834,304514,5
364617,2623.2151,871.7518,540.7759,0.7843,681.3551,0.9742,374257,5
354060,2492.134,871.677,525.1666,0.7981,671.4188,0.9562,370270,5
362684,2407.593,925.5394,506.546,0.8369,679.5466,0.9564,379206,5
310190,2223.6509,862.0129,464.774,0.8422,628.4474,0.9768,317572,5
333850,2349.7009,845.816,509.6266,0.7981,651.9747,0.9596,347911,5
306371,2160.9741,795.8485,498.9199,0.7791,624.5668,0.9746,314367,5
282259,2100.0061,808.4828,446.3885,0.8338,599.4859,0.9853,286469,5
291259,2136.6079,825.5577,452.6159,0.8363,608.9684,0.9802,297143,5
362960,2485.04,932.6669,505.3012,0.8405,679.8051,0.956,379677,5
370661,2404.842,953.9807,498.8006,0.8524,686.9791,0.9802,378137,5
370687,2481.958,917.0978,521.7222,0.8224,687.0032,0.9757,379925,5
361058,2397.439,904.1469,513.4807,0.8231,678.0216,0.977,369539,5
334863,2282.0659,872.7985,490.8819,0.8268,652.9631,0.9816,341131,5
289774,2146.249,812.8783,462.5508,0.8223,607.4139,0.979,295999,5
310151,2237.895,812.6631,491.8975,0.796,628.4079,0.9741,318384,5
277447,2027.295,798.4498,444.0995,0.831,594.3538,0.988,280824,5
287291,2121.5859,836.7213,440.0023,0.8506,604.806,0.9798,293223,5
326670,2259.6599,888.6778,471.2458,0.8478,644.9257,0.9694,336982,5
297174,2155.959,779.7753,488.4755,0.7795,615.1208,0.9716,305852,5
305032,2311.6509,861.9067,455.7622,0.8488,623.2004,0.954,319728,5
304948,2185.3789,829.9847,473.5959,0.8212,623.1146,0.9763,312363,5
309025,2163.1311,831.9025,477.1172,0.8192,627.2662,0.9812,314953,5
276143,2079.627,820.3309,432.2186,0.8499,592.9554,0.9802,281714,5
338914,2247.1541,868.6652,498.7621,0.8187,656.9008,0.9877,343124,5
355763,2424.814,990.7361,458.7359,0.8863,673.0316,0.9835,361727,5
391450,2479.239,892.5263,560.6314,0.7781,705.9813,0.9846,397557,5
304684,2173.7949,890.8111,437.7785,0.8709,622.8448,0.9891,308038,5
283770,2096.7639,775.8751,468.8516,0.7968,601.0883,0.9737,291436,5
275775,2000.7679,723.755,488.6776,0.7376,592.5602,0.9792,281629,5
286603,2058.97,782.1415,469.3111,0.8,604.0814,0.9843,291172,5
326090,2386.698,803.0966,519.4846,0.7626,644.3529,0.9727,335242,5
272635,2195.2859,776.0174,450.5913,0.8142,589.1771,0.9776,278895,5
337948,2288.22,884.1144,492.5711,0.8304,655.964,0.9849,343113,5
347931,2379.052,949.2151,468.3536,0.8698,665.5821,0.9817,354415,5
296161,2355.0471,884.1443,429.3063,0.8742,614.0716,0.9748,303819,5
361867,2681.0071,909.2697,510.2585,0.8277,678.7808,0.9594,377190,5
283096,2134.1521,842.0992,431.0886,0.859,600.3741,0.9777,289539,5
282651,2115.1909,849.2612,427.8779,0.8638,599.902,0.9835,287385,5
382243,2515.0081,983.1814,498.3077,0.862,697.6295,0.976,391649,5
328626,2411.4719,878.9201,485.9003,0.8333,646.8536,0.9425,348685,5
351367,2301.5859,875.3801,513.9609,0.8095,668.8605,0.9842,357025,5
306787,2205.3831,851.6366,461.404,0.8405,624.9907,0.9737,315074,5
354813,2323.3391,908.402,502.3913,0.8331,672.1324,0.9804,361910,5
326893,2297.4441,889.015,473.2075,0.8466,645.1458,0.9709,336684,5
335351,2445.8889,976.2505,441.572,0.8919,653.4387,0.9622,348539,5
288470,2170.512,916.8247,406.8782,0.8961,606.0457,0.9822,293705,5
347731,2383.332,952.7579,471.4235,0.869,665.3907,0.9711,358093,5
266928,2126.3701,798.1915,433.349,0.8398,582.978,0.9638,276944,5
290186,2331.5811,912.2787,424.2137,0.8853,607.8456,0.9255,313562,5
333228,2300.667,856.532,500.6767,0.8114,651.3671,0.9812,339597,5
320409,2200.635,861.2217,477.5822,0.8322,638.7155,0.9749,328674,5
321312,2204.2451,888.2299,464.3716,0.8525,639.6149,0.9873,325458,5
340479,2652.927,998.5767,442.5258,0.8964,658.4158,0.9432,360967,5
356344,2462.323,886.2712,521.8904,0.8082,673.5809,0.9594,371435,5
272029,1927.442,700.212,497.2475,0.7041,588.522,0.9908,274542,6
328825,2226.321,845.2898,520.5521,0.7879,647.0494,0.9565,343779,6
378039,2343.229,902.627,535.519,0.805,693.7825,0.9889,382265,6
324530,2168.541,805.7068,514.7833,0.7693,642.8098,0.9883,328356,6
332254,2172.4651,829.761,513.4503,0.7856,650.4144,0.993,334598,6
247036,1961.302,694.0135,524.4564,0.6549,560.8351,0.8834,279628,6
243353,1853.187,664.4248,469.841,0.7071,556.6387,0.9893,245985,6
209193,1761.806,622.2163,446.4828,0.6965,516.0938,0.9492,220381,6
276444,2005.511,793.3969,445.7533,0.8273,593.2786,0.9913,278859,6
351763,2293.7791,878.5163,513.9243,0.811,669.2373,0.9843,357372,6
261345,1920.686,735.1219,454.3767,0.7861,576.849,0.9933,263110,6
306831,2101.9919,790.1249,496.5371,0.7779,625.0355,0.9884,310445,6
243025,1855.1949,670.8918,463.4907,0.723,556.2635,0.9878,246026,6
310359,2138.5901,838.097,472.3667,0.826,628.6186,0.9892,313749,6
259098,1871.046,672.9703,494.7143,0.6779,574.3638,0.9935,260792,6
365088,2249.6321,863.308,541.9211,0.7784,681.795,0.9916,368189,6
308938,2105.4199,789.2784,502.5179,0.7711,627.1779,0.9833,314176,6
332079,2135.427,808.1102,525.323,0.7599,650.2431,0.9964,333281,6
240537,1967.1281,718.0688,487.6316,0.7341,553.4088,0.8776,274088,6
255422,1882.9041,710.4493,461.1236,0.7607,570.2748,0.9955,256573,6
196561,1697.087,631.0634,400.5577,0.7727,500.2692,0.9833,199909,6
269740,1951.873,759.0534,453.6415,0.8018,586.0406,0.9946,271215,6
343082,2286.1189,926.7311,484.092,0.8527,660.9278,0.9779,350825,6
258106,1893.702,729.0965,452.9291,0.7836,573.2632,0.9938,259715,6
289876,2087.52,818.5771,453.4831,0.8325,607.5209,0.9878,293458,6
253517,1860.3199,672.4048,483.49,0.695,568.1442,0.9912,255778,6
313487,2115.344,753.2776,532.3475,0.7075,631.7785,0.9861,317896,6
336724,2196.658,784.414,573.6385,0.6821,654.775,0.9573,351740,6
293477,2039.6071,766.5217,490.2007,0.7688,611.2827,0.9925,295699,6
355294,2266.9509,870.8358,521.8104,0.8006,672.5878,0.9887,359343,6
285626,2061.635,785.1763,465.285,0.8055,603.0508,0.9875,289254,6
363370,2249.0371,793.2402,586.2938,0.6736,680.189,0.993,365942,6
342830,2196.917,797.9894,549.5345,0.7251,660.6851,0.993,345235,6
318719,2222.4399,826.2077,520.563,0.7765,637.0287,0.9409,338755,6
248888,1939.901,701.8555,453.7137,0.763,562.9334,0.9784,254376,6
240328,1953.7419,644.4176,513.0257,0.6052,553.1683,0.9014,266617,6
323238,2263.3049,827.1309,542.2946,0.7551,641.5289,0.9205,351158,6
253875,1997.355,747.1664,502.6085,0.7399,568.5452,0.9118,278438,6
273905,2009.04,701.0014,503.6558,0.6955,590.5478,0.9722,281724,6
273895,2008.311,721.5966,486.044,0.7391,590.537,0.9862,277731,6
266662,1982.204,760.303,464.9061,0.7913,582.6874,0.9669,275780,6
325346,2196.3879,836.8861,501.7307,0.8004,643.6174,0.9734,334237,6
265078,1959.991,706.0493,491.0711,0.7185,580.9542,0.9681,273812,6
232956,1941.686,690.3647,464.7091,0.7395,544.618,0.9146,254703,6
317794,2280.969,875.5868,525.338,0.8,636.1037,0.9016,352462,6
326358,2116.1909,760.83,548.6188,0.6929,644.6177,0.9909,329340,6
327911,2156.5811,786.681,535.171,0.7329,646.1495,0.9884,331747,6
304474,2109.019,800.2658,485.959,0.7945,622.6302,0.9885,308022,6
331374,2177.7839,822.1873,516.5453,0.778,649.5526,0.9878,335457,6
296101,2069.2051,772.6999,493.0547,0.77,614.0093,0.9812,301761,6
315524,2139.259,777.8326,519.9553,0.7437,633.8278,0.9839,320702,6
297687,2056.9331,756.6042,504.0089,0.7458,615.6516,0.9885,301159,6
275854,1941.407,690.539,512.5972,0.6701,592.6451,0.991,278352,6
216849,1730.665,642.5626,431.9132,0.7404,525.4529,0.9918,218637,6
262586,1982.464,678.1152,519.9161,0.642,578.217,0.9122,287874,6
210586,1811.012,654.7697,415.6927,0.7726,517.8093,0.9667,217844,6
212397,1773.141,649.371,418.6798,0.7644,520.031,0.9773,217331,6
223523,1857.668,681.8671,473.7249,0.7193,533.4776,0.899,248647,6
321388,2174.022,833.3666,495.1312,0.8044,639.6905,0.985,326292,6
375569,2377.7141,953.837,504.36,0.8488,691.5123,0.9897,379477,6
228916,1766.642,637.0115,460.6281,0.6907,539.8749,0.9912,230947,6
220062,1879.042,680.3406,465.7903,0.7289,529.3313,0.8845,248805,6
326826,2215.4141,803.9762,526.0378,0.7562,645.0797,0.9737,335637,6
237022,1848.2061,683.0206,445.617,0.7579,549.3503,0.9836,240962,6
306521,2106.093,713.1732,554.9265,0.6281,624.7197,0.9756,314191,6
283888,2076.377,772.6867,496.8922,0.7658,601.2133,0.9376,302791,6
294428,2022.094,716.1476,528.4319,0.6749,612.2723,0.9872,298256,6
242972,1830.124,650.916,476.3255,0.6815,556.2028,0.9905,245310,6
268142,1989.489,747.3624,467.567,0.7801,584.3021,0.9744,275197,6
233918,1926.46,689.4012,493.188,0.6987,545.7414,0.8909,262577,6
222233,1812.683,650.1162,437.5476,0.7396,531.9359,0.9779,227247,6
210197,1790.522,640.6564,422.1224,0.7522,517.3307,0.9687,216990,6
324044,2162.4221,818.4114,508.6661,0.7834,642.3283,0.9901,327280,6
239741,1841.7939,686.2008,446.7934,0.759,552.4923,0.9929,241463,6
237986,1992.689,759.7626,468.2187,0.7875,550.4663,0.8739,272332,6
376000,2405.4141,952.5737,506.6357,0.8468,691.909,0.9826,382645,6
364338,2385.511,849.6287,548.4377,0.7638,681.0944,0.9874,368969,6
308051,2090.377,761.1531,519.0694,0.7314,626.2769,0.9875,311966,6
303347,2094.3931,740.3585,525.1052,0.7049,621.4768,0.9735,311603,6
249697,1902.502,694.4902,460.7358,0.7483,563.8476,0.9898,252263,6
291841,2018.3459,735.3645,508.7705,0.722,609.5765,0.9904,294658,6
311275,2097.01,778.6296,510.3182,0.7553,629.5456,0.9925,313612,6
259258,1978.4659,723.0809,466.3064,0.7643,574.5411,0.9798,264606,6
373627,2634.644,860.8875,555.6307,0.7638,689.7222,0.9715,384588,6
242092,1875.025,700.394,441.3842,0.7764,555.1946,0.993,243806,6
221306,1836.3361,698.2211,425.5484,0.7928,530.8254,0.9553,231671,6
346353,2324.49,840.6997,527.3477,0.7788,664.071,0.9758,354954,6
283636,2036.349,751.853,482.4856,0.7669,600.9464,0.9819,288870,6
313194,2095.9231,769.103,519.8459,0.737,631.4832,0.9905,316201,6
255403,1925.365,691.8453,477.1796,0.7241,570.2536,0.9785,261028,6
365924,2664.823,855.4633,551.5447,0.7644,682.5752,0.9466,386566,6
254330,1926.736,747.4943,435.6219,0.8126,569.0545,0.9925,256255,6
238955,1906.2679,716.6485,441.8297,0.7873,551.5859,0.9604,248795,6
343792,2289.272,823.8438,534.7757,0.7607,661.6113,0.9781,351472,6
